{"type":"Topology","arcs":[[[79,6617],[-12,16],[-1,17],[0,0],[-2,22],[-15,20],[-30,20],[0,0],[-19,10],[2,3],[28,58],[25,47],[93,164],[22,40],[13,21],[2,2],[27,23],[85,61],[23,23],[17,19],[25,22],[20,15],[41,25],[51,33],[36,36],[35,44],[29,37],[11,15],[7,10],[56,45],[116,109],[74,64],[81,80],[52,70],[29,28],[54,49],[36,35],[147,142],[38,26],[28,22],[340,-257],[82,-60],[57,-56],[51,-56],[36,-40],[37,-43],[24,-26],[13,-21],[7,-26],[9,-79],[10,-38],[13,-18],[4,-3],[12,-8],[126,-48],[190,-67],[38,-13],[21,-14],[21,-18],[210,-252],[101,-100],[44,-39],[81,-39],[119,-51],[229,-123],[134,-75],[-55,-153],[87,-46],[445,-296],[128,-94],[184,-276],[189,-205],[189,-125],[130,8],[-103,864],[2929,550]],[[7435,6747],[-4,24],[1,25],[1,24],[3,19],[4,29],[4,18],[6,25],[8,61],[0,0],[-3,50],[-5,34],[-6,38],[-16,38],[-17,26],[-17,25],[-24,19],[-26,11],[-18,7],[-15,6],[-44,18],[-9,9],[-5,5],[-15,31],[-5,41],[0,0],[-5,75],[-16,162],[0,16],[2,33],[10,33],[22,30],[195,58],[23,-1],[31,-1],[34,-1],[39,-1],[29,0],[51,9],[32,29],[16,41],[2,4],[4,37],[2,27],[-1,28],[-2,29],[-19,39],[-25,27],[-61,38],[0,0],[-29,20],[-29,25],[-19,32],[-8,27],[0,0],[5,40],[0,14],[10,17],[19,17],[17,7],[13,5],[24,9],[27,16],[30,17],[8,8],[17,21],[12,25],[3,12]],[[10515,0],[-16,25],[-21,32],[-71,107],[-72,99],[-28,23],[-40,27],[-258,171],[-106,62],[-26,10],[-74,7],[-96,20],[-42,12],[-51,19],[-53,28],[-7,4],[-43,29],[-191,118],[-90,53],[-40,28],[-32,27],[-88,81],[-76,75],[-31,30],[-32,23],[-60,31],[-90,42],[-33,21],[-4,3],[-14,10],[-51,60],[-38,75],[-26,43],[-18,42],[-19,33],[-30,39],[-67,56],[-108,59],[-25,10],[-46,20],[-36,12],[-32,9],[-38,0],[-43,3],[-88,-2],[-70,-1],[-61,11],[-124,55],[-141,75],[-54,16],[-70,5],[-29,-2],[-33,-12],[-76,-37],[-85,-11],[-281,16],[-342,10],[-106,6],[15,122],[10,38],[7,31],[7,35],[11,47],[51,127],[37,141],[13,69],[3,46],[9,43],[14,47],[19,53],[22,60],[6,28],[1,71],[2,34],[10,139],[0,75],[-2,12],[-6,51],[-12,60],[-2,12],[-47,236],[-27,162],[-7,62],[-2,13],[-4,24],[-13,55],[-26,112],[-14,80],[-1,43],[3,58],[4,51],[1,18],[6,64],[15,67],[24,101],[13,74],[10,70],[15,121],[22,118],[8,66],[1,40],[2,34],[2,24],[15,44],[21,62],[14,41],[10,51],[14,85],[9,75],[10,99],[18,77],[8,36],[2,7],[8,19],[33,62],[27,54],[13,47],[3,29],[1,34],[0,44],[7,47],[27,102],[28,101],[0,20],[-4,24],[-8,21],[-14,29],[-6,14],[-9,20],[0,23],[6,17],[12,14],[8,5],[14,11],[21,13],[239,88],[59,39],[27,29],[12,25],[7,43],[1,85],[9,270]]],"transform":{"scale":[0.000005489332510836651,0.000005411572882629405],"translate":[101.52466331054214,12.934344307331493]},"objects":{"pipe_klongsaphan-prasae":{"type":"GeometryCollection","geometries":[{"type":"LineString","arcs":[0,1],"properties":{"Id":1,"name":"แนวท่อคลองบางสะพาน-อ่างประแสร์"}},{"type":"LineString","arcs":[2],"properties":{"Id":2,"name":"แนวท่อคลองบางสะพาน-อ่างประแสร์"}}]}}}